step	train
0	0.5050586462020874
1	0.3271621763706207
2	0.28200992941856384
3	0.25087201595306396
4	0.2270040512084961
5	0.20727579295635223
6	0.18933501839637756
7	0.17206260561943054
8	0.1599230021238327
9	0.14551472663879395
