step	train
0	0.7025303840637207
1	0.48057612776756287
2	0.43436726927757263
3	0.40764883160591125
4	0.3907375633716583
5	0.3756207823753357
6	0.3618605434894562
7	0.355182945728302
8	0.344352126121521
