step	train
0	0.5134764313697815
1	0.33289727568626404
2	0.28621459007263184
3	0.25441861152648926
4	0.22870275378227234
5	0.20976829528808594
6	0.19069510698318481
7	0.17293383181095123
8	0.15710876882076263
9	0.14678643643856049
