step	train
0	0.5175525546073914
1	0.3333483636379242
2	0.2856118977069855
3	0.25547730922698975
4	0.23017561435699463
5	0.20670726895332336
6	0.19189302623271942
7	0.17645186185836792
8	0.16039389371871948
9	0.15015649795532227
