step	train
0	0.6195782423019409
1	0.3526025712490082
2	0.29450565576553345
3	0.2631206214427948
4	0.23615321516990662
5	0.21716150641441345
6	0.199358269572258
7	0.18755285441875458
8	0.17475178837776184
9	0.16091297566890717
