step	train
0	0.5144253969192505
1	0.3309691250324249
2	0.2842165529727936
3	0.2529734969139099
4	0.22914645075798035
5	0.2098913937807083
6	0.18975374102592468
7	0.17239493131637573
8	0.15993791818618774
