step	train
0	0.5218430757522583
1	0.3399810791015625
2	0.28824207186698914
3	0.25677725672721863
4	0.2336544543504715
5	0.21473535895347595
6	0.19307097792625427
7	0.18066789209842682
8	0.16290698945522308
9	0.15079249441623688
