step	train
0	0.6186844110488892
1	0.35091063380241394
2	0.2935985326766968
3	0.2592122256755829
4	0.2389931082725525
5	0.21489053964614868
6	0.19919539988040924
7	0.18135514855384827
8	0.16914059221744537
9	0.15977466106414795
