step	train
0	0.5308181643486023
1	0.3478776812553406
2	0.30135583877563477
3	0.2661314904689789
4	0.24227868020534515
5	0.22287610173225403
6	0.20333854854106903
7	0.1865989714860916
8	0.17220568656921387
9	0.158253014087677
