step	train
0	0.7019351124763489
1	0.4794295132160187
2	0.432799756526947
3	0.4117186665534973
4	0.39242976903915405
5	0.3732953667640686
6	0.36466193199157715
7	0.35487186908721924
8	0.34731462597846985
9	0.3398973047733307
