step	train
0	0.7076629996299744
1	0.4814436435699463
2	0.4385228753089905
3	0.40926721692085266
4	0.3911263346672058
5	0.376156747341156
6	0.36601102352142334
7	0.3567771315574646
8	0.34954333305358887
9	0.34008944034576416
