step	train
0	0.48496317863464355
1	0.3184671103954315
2	0.2705937325954437
3	0.24051949381828308
4	0.21581394970417023
5	0.19545532763004303
6	0.1775311827659607
7	0.16128364205360413
8	0.14569807052612305
9	0.12993676960468292
