step	train
0	0.6941047310829163
1	0.4804195463657379
2	0.4356553852558136
3	0.41026219725608826
4	0.3924543857574463
5	0.38022729754447937
6	0.3655291199684143
7	0.3589778542518616
8	0.3450682759284973
9	0.34062275290489197
