step	train
0	0.5080526471138
1	0.329454243183136
