step	train
0	0.49844902753829956
1	0.31893327832221985
2	0.27344971895217896
3	0.2435130476951599
4	0.22001509368419647
5	0.1982353925704956
6	0.1771623194217682
7	0.16240383684635162
8	0.14442934095859528
9	0.1323733627796173
