step	train
0	0.6009523272514343
1	0.3474387526512146
2	0.296583890914917
3	0.2635086178779602
4	0.23954515159130096
5	0.21975918114185333
6	0.20529229938983917
7	0.1925332248210907
8	0.17455114424228668
9	0.16472136974334717
