{
    "train": {
        "accuracy": 0.8764791488647461,
        "loss": 0.3392455279827118
    },
    "eval": {
        "accuracy": 0.8829166889190674,
        "loss": 0.3215954601764679
    },
    "step": 9,
    "final_train_accuracy": 0.8765,
    "final_val_accuracy": 0.8829,
    "final_train_loss": 0.3392,
    "final_val_loss": 0.3216
}
