{
    "train": {
        "accuracy": 0.9458541870117188,
        "loss": 0.14431385695934296
    },
    "eval": {
        "accuracy": 0.922166645526886,
        "loss": 0.23341859877109528
    },
    "step": 9,
    "final_train_accuracy": 0.9459,
    "final_val_accuracy": 0.9222,
    "final_train_loss": 0.1443,
    "final_val_loss": 0.2334
}
