{
    "loss": {
        "train": 0.6869440674781799,
        "val": 0.42952001094818115
    },
    "accuracy": {
        "train": 0.7564166784286499,
        "val": 0.8420000076293945
    },
    "step": 0,
    "final_train_accuracy": 0.7564,
    "final_val_accuracy": 0.842,
    "final_train_loss": 0.6869,
    "final_val_loss": 0.4295
}
