{
    "loss": {
        "train": 0.344352126121521,
        "val": 0.32739755511283875
    },
    "accuracy": {
        "train": 0.8740208148956299,
        "val": 0.8784999847412109
    },
    "step": 8,
    "final_train_accuracy": 0.874,
    "final_val_accuracy": 0.8785,
    "final_train_loss": 0.3444,
    "final_val_loss": 0.3274
}
