{
    "train": {
        "accuracy": 0.875333309173584,
        "loss": 0.34218400716781616
    },
    "eval": {
        "accuracy": 0.8792499899864197,
        "loss": 0.33250975608825684
    },
    "step": 9,
    "final_train_accuracy": 0.8753,
    "final_val_accuracy": 0.8792,
    "final_train_loss": 0.3422,
    "final_val_loss": 0.3325
}
