{
    "loss": {
        "train": 0.5137088894844055,
        "val": 0.3143951892852783
    },
    "accuracy": {
        "train": 0.8170416951179504,
        "val": 0.8842499852180481
    },
    "step": 0,
    "final_train_accuracy": 0.817,
    "final_val_accuracy": 0.8842,
    "final_train_loss": 0.5137,
    "final_val_loss": 0.3144
}
