{
    "loss": {
        "train": 0.15079249441623688,
        "val": 0.23259054124355316
    },
    "accuracy": {
        "train": 0.9436458349227905,
        "val": 0.9180833101272583
    },
    "step": 9,
    "final_train_accuracy": 0.9436,
    "final_val_accuracy": 0.9181,
    "final_train_loss": 0.1508,
    "final_val_loss": 0.2326
}
