{
    "loss": {
        "train": 0.34062275290489197,
        "val": 0.32353219389915466
    },
    "accuracy": {
        "train": 0.8733333349227905,
        "val": 0.8822500109672546
    },
    "step": 9,
    "final_train_accuracy": 0.8733,
    "final_val_accuracy": 0.8823,
    "final_train_loss": 0.3406,
    "final_val_loss": 0.3235
}
