{
    "loss": {
        "train": 0.15993791818618774,
        "val": 0.23771701753139496
    },
    "accuracy": {
        "train": 0.9404791593551636,
        "val": 0.9179999828338623
    },
    "step": 8,
    "final_train_accuracy": 0.9405,
    "final_val_accuracy": 0.918,
    "final_train_loss": 0.1599,
    "final_val_loss": 0.2377
}
