{
    "loss": {
        "train": 0.1323733627796173,
        "val": 0.24033495783805847
    },
    "accuracy": {
        "train": 0.9516041874885559,
        "val": 0.9231666922569275
    },
    "step": 9,
    "final_train_accuracy": 0.9516,
    "final_val_accuracy": 0.9232,
    "final_train_loss": 0.1324,
    "final_val_loss": 0.2403
}
