{
    "loss": {
        "train": 0.15977466106414795,
        "val": 0.4717522859573364
    },
    "accuracy": {
        "train": 0.9431666731834412,
        "val": 0.8521666526794434
    },
    "step": 9,
    "final_train_accuracy": 0.9432,
    "final_val_accuracy": 0.8522,
    "final_train_loss": 0.1598,
    "final_val_loss": 0.4718
}
