{
    "loss": {
        "train": 0.14551472663879395,
        "val": 0.24374906718730927
    },
    "accuracy": {
        "train": 0.945437490940094,
        "val": 0.9169166684150696
    },
    "step": 9,
    "final_train_accuracy": 0.9454,
    "final_val_accuracy": 0.9169,
    "final_train_loss": 0.1455,
    "final_val_loss": 0.2437
}
