{
    "train": {
        "accuracy": 0.9421250224113464,
        "loss": 0.16041193902492523
    },
    "eval": {
        "accuracy": 0.8930833339691162,
        "loss": 0.3276756703853607
    },
    "step": 9,
    "final_train_accuracy": 0.9421,
    "final_val_accuracy": 0.8931,
    "final_train_loss": 0.1604,
    "final_val_loss": 0.3277
}
