{
    "loss": {
        "train": 0.5126517415046692,
        "val": 0.3254430890083313
    },
    "accuracy": {
        "train": 0.8132291436195374,
        "val": 0.8796666860580444
    },
    "step": 0,
    "final_train_accuracy": 0.8132,
    "final_val_accuracy": 0.8797,
    "final_train_loss": 0.5127,
    "final_val_loss": 0.3254
}
