{
    "train": {
        "accuracy": 0.949958324432373,
        "loss": 0.13471509516239166
    },
    "eval": {
        "accuracy": 0.9174166917800903,
        "loss": 0.2563950717449188
    },
    "step": 9,
    "final_train_accuracy": 0.95,
    "final_val_accuracy": 0.9174,
    "final_train_loss": 0.1347,
    "final_val_loss": 0.2564
}
