{
    "loss": {
        "train": 0.3398973047733307,
        "val": 0.3280833065509796
    },
    "accuracy": {
        "train": 0.8756874799728394,
        "val": 0.8790833353996277
    },
    "step": 9,
    "final_train_accuracy": 0.8757,
    "final_val_accuracy": 0.8791,
    "final_train_loss": 0.3399,
    "final_val_loss": 0.3281
}
