{
    "loss": {
        "train": 0.12993676960468292,
        "val": 0.2373175472021103
    },
    "accuracy": {
        "train": 0.9508958458900452,
        "val": 0.921916663646698
    },
    "step": 9,
    "final_train_accuracy": 0.9509,
    "final_val_accuracy": 0.9219,
    "final_train_loss": 0.1299,
    "final_val_loss": 0.2373
}
