{
    "loss": {
        "train": 0.15015649795532227,
        "val": 0.22153615951538086
    },
    "accuracy": {
        "train": 0.9447916746139526,
        "val": 0.9261666536331177
    },
    "step": 9,
    "final_train_accuracy": 0.9448,
    "final_val_accuracy": 0.9262,
    "final_train_loss": 0.1502,
    "final_val_loss": 0.2215
}
