{
    "loss": {
        "train": 0.16472136974334717,
        "val": 0.2829161584377289
    },
    "accuracy": {
        "train": 0.9422916769981384,
        "val": 0.9099166393280029
    },
    "step": 9,
    "final_train_accuracy": 0.9423,
    "final_val_accuracy": 0.9099,
    "final_train_loss": 0.1647,
    "final_val_loss": 0.2829
}
