{
    "loss": {
        "train": 0.158253014087677,
        "val": 0.233637735247612
    },
    "accuracy": {
        "train": 0.9408958554267883,
        "val": 0.9213333129882812
    },
    "step": 9,
    "final_train_accuracy": 0.9409,
    "final_val_accuracy": 0.9213,
    "final_train_loss": 0.1583,
    "final_val_loss": 0.2336
}
