{
    "loss": {
        "train": 0.4997924268245697,
        "val": 0.33242249488830566
    },
    "accuracy": {
        "train": 0.8209583163261414,
        "val": 0.8761666417121887
    },
    "step": 0,
    "final_train_accuracy": 0.821,
    "final_val_accuracy": 0.8762,
    "final_train_loss": 0.4998,
    "final_val_loss": 0.3324
}
