{
    "loss": {
        "train": 0.16091297566890717,
        "val": 0.31277817487716675
    },
    "accuracy": {
        "train": 0.9430416822433472,
        "val": 0.9056666493415833
    },
    "step": 9,
    "final_train_accuracy": 0.943,
    "final_val_accuracy": 0.9057,
    "final_train_loss": 0.1609,
    "final_val_loss": 0.3128
}
