{
    "loss": {
        "train": 0.329454243183136,
        "val": 0.2887114882469177
    },
    "accuracy": {
        "train": 0.8820416927337646,
        "val": 0.8964166641235352
    },
    "step": 1,
    "final_train_accuracy": 0.882,
    "final_val_accuracy": 0.8964,
    "final_train_loss": 0.3295,
    "final_val_loss": 0.2887
}
