{
    "train": {
        "accuracy": 0.9461458325386047,
        "loss": 0.14298397302627563
    },
    "eval": {
        "accuracy": 0.9223333597183228,
        "loss": 0.2290552407503128
    },
    "step": 9,
    "final_train_accuracy": 0.9461,
    "final_val_accuracy": 0.9223,
    "final_train_loss": 0.143,
    "final_val_loss": 0.2291
}
