step	train
0	0.7803958058357239
1	0.8790000081062317
2	0.8996666669845581
3	0.9103124737739563
4	0.9173750281333923
5	0.9255625009536743
6	0.929979145526886
7	0.9369375109672546
8	0.9398750066757202
9	0.9431666731834412
