step	train
0	0.8150833249092102
1	0.8803125023841858
2	0.8975208401679993
3	0.906291663646698
4	0.9153125286102295
5	0.9235000014305115
6	0.9300416707992554
7	0.9337916374206543
8	0.9405624866485596
9	0.9447916746139526
