step	train
0	0.7536458373069763
1	0.8289791941642761
2	0.8449791669845581
3	0.8522291779518127
4	0.859000027179718
5	0.862708330154419
6	0.8663333058357239
7	0.870145857334137
8	0.874833345413208
9	0.8733333349227905
