step	train
0	0.7559999823570251
1	0.8299999833106995
2	0.8427708148956299
3	0.8522499799728394
4	0.859250009059906
5	0.8650416731834412
6	0.8686458468437195
7	0.8731666803359985
8	0.8735416531562805
9	0.8756874799728394
