step	train
0	0.8203750252723694
1	0.882562518119812
2	0.8990833163261414
3	0.9087083339691162
4	0.9163958430290222
5	0.9239166378974915
6	0.9292708039283752
7	0.9362499713897705
8	0.9400208592414856
9	0.945437490940094
