step	train
0	0.8175416588783264
1	0.8820416927337646
