step	train
0	0.8227291703224182
1	0.885729193687439
2	0.901437520980835
3	0.9110000133514404
4	0.9191250205039978
5	0.9258958101272583
6	0.9345625042915344
7	0.9400208592414856
8	0.9462500214576721
9	0.9516041874885559
