step	train
0	0.7926250100135803
1	0.8812083601951599
2	0.8980416655540466
3	0.9084374904632568
4	0.9164791703224182
5	0.9231874942779541
6	0.9284374713897705
7	0.9331250190734863
8	0.9382916688919067
9	0.9422916769981384
