step	train
0	0.8174375295639038
1	0.8815208077430725
2	0.8973333239555359
3	0.9088333249092102
4	0.9164791703224182
5	0.9232500195503235
6	0.9301875233650208
7	0.9355416893959045
8	0.9404791593551636
