step	train
0	0.8090833425521851
1	0.8749791383743286
2	0.8907291889190674
3	0.903083324432373
4	0.911145806312561
5	0.918833315372467
6	0.9258750081062317
7	0.9321666955947876
8	0.9360625147819519
9	0.9408958554267883
