step	train
0	0.8103541731834412
1	0.878041684627533
2	0.8957499861717224
3	0.906624972820282
4	0.9148125052452087
5	0.9208958148956299
6	0.9282291531562805
7	0.9335625171661377
8	0.9385625123977661
9	0.9436458349227905
