step	train
0	0.7805833220481873
1	0.879854142665863
2	0.8984166383743286
3	0.9088958501815796
4	0.9191041588783264
5	0.9236666560173035
6	0.9307916760444641
7	0.9337916374206543
8	0.9386666417121887
9	0.9430416822433472
