step	train
0	0.8152083158493042
1	0.8799791932106018
2	0.8964999914169312
3	0.906499981880188
4	0.9158750176429749
5	0.9228125214576721
6	0.92989581823349
7	0.9358124732971191
8	0.9412500262260437
9	0.9457499980926514
