step	train
0	0.8279374837875366
1	0.8848958611488342
2	0.9011250138282776
3	0.9116874933242798
4	0.9205625057220459
5	0.9286458492279053
6	0.934416651725769
7	0.9392916560173035
8	0.945145845413208
9	0.9508958458900452
