step	train
0	0.7541249990463257
1	0.8302708268165588
2	0.8447708487510681
3	0.8538333177566528
4	0.8596875071525574
5	0.8643958568572998
6	0.8686458468437195
7	0.8692708611488342
8	0.8740208148956299
