step	train
0	0.7482500076293945
1	0.8315416574478149
2	0.8427291512489319
3	0.8519791960716248
4	0.8591874837875366
5	0.8658750057220459
6	0.8676041960716248
7	0.8696874976158142
8	0.8745208382606506
9	0.8761666417121887
