step	accuracy
0	0.875
1	0.8951666951179504
2	0.9045833349227905
3	0.909583330154419
4	0.9132500290870667
5	0.9129999876022339
6	0.9129166603088379
7	0.9148333072662354
8	0.9194999933242798
9	0.9174166917800903
