step	accuracy
0	0.8409166932106018
1	0.856416642665863
2	0.8627499938011169
3	0.8634166717529297
4	0.8740833401679993
5	0.8740833401679993
6	0.875166654586792
7	0.8770833611488342
8	0.8794999718666077
9	0.8792499899864197
