step	accuracy
0	0.878000020980835
1	0.8969166874885559
2	0.9069166779518127
3	0.9071666598320007
4	0.9167500138282776
5	0.9177500009536743
6	0.9177500009536743
7	0.9191666841506958
8	0.921833336353302
9	0.9223333597183228
