step	accuracy
0	0.827833354473114
1	0.8734999895095825
2	0.8765833377838135
3	0.8758333325386047
4	0.8949999809265137
5	0.8989166617393494
6	0.8852499723434448
7	0.9160000085830688
8	0.8998333215713501
9	0.8930833339691162
