step	accuracy
0	0.8539166450500488
1	0.8839166760444641
2	0.8984166383743286
3	0.8587499856948853
4	0.9097499847412109
5	0.9097499847412109
6	0.902916669845581
7	0.906333327293396
8	0.9103333353996277
9	0.9047499895095825
