step	accuracy
0	0.8785833120346069
1	0.8964166641235352
2	0.906000018119812
3	0.9114999771118164
4	0.9149166941642761
5	0.9152500033378601
6	0.9175833463668823
7	0.9164166450500488
8	0.9204999804496765
9	0.922166645526886
