step	accuracy
0	0.8331666588783264
1	0.8552500009536743
2	0.8585000038146973
3	0.8674166798591614
4	0.8725000023841858
5	0.8743333220481873
6	0.8766666650772095
7	0.8829166889190674
8	0.8785833120346069
9	0.8829166889190674
