step	loss
0	0.3335598409175873
1	0.2773546278476715
2	0.25498196482658386
3	0.2407914400100708
4	0.23094888031482697
5	0.23607636988162994
6	0.2509179413318634
7	0.24153149127960205
8	0.23760581016540527
9	0.2563950717449188
