step	loss
0	0.5077785849571228
1	0.38495418429374695
2	0.36212795972824097
3	0.3703952133655548
4	0.29278579354286194
5	0.29217028617858887
6	0.3475185036659241
7	0.24177931249141693
8	0.2994220554828644
9	0.3276756703853607
