step	loss
0	0.3933541774749756
1	0.3133327066898346
2	0.28121355175971985
3	0.3943484425544739
4	0.25930601358413696
5	0.2623509466648102
6	0.2820224463939667
7	0.2687970995903015
8	0.2698298990726471
9	0.29657402634620667
