step	loss
0	0.32892316579818726
1	0.28196483850479126
2	0.253927618265152
3	0.24014584720134735
4	0.22935792803764343
5	0.2382020652294159
6	0.24072694778442383
7	0.2432561218738556
8	0.2277759462594986
9	0.23341859877109528
