step	loss
0	0.4370012879371643
1	0.3935147821903229
2	0.378427118062973
3	0.3704400658607483
4	0.3499363958835602
5	0.34744352102279663
6	0.3462522029876709
7	0.3392244577407837
8	0.3316449820995331
9	0.33250975608825684
