step	loss
0	0.44598641991615295
1	0.39387381076812744
2	0.3741223216056824
3	0.35971763730049133
4	0.34475207328796387
5	0.33675631880760193
6	0.33640116453170776
7	0.3267538547515869
8	0.32542258501052856
9	0.3215954601764679
