step	loss
0	0.3291352093219757
1	0.27419036626815796
2	0.254732221364975
3	0.24479180574417114
4	0.23054374754428864
5	0.22383561730384827
6	0.22852694988250732
7	0.22731296718120575
8	0.22494137287139893
9	0.2290552407503128
