step	accuracy
0	0.7751666903495789
1	0.8785416483879089
2	0.8990416526794434
3	0.9081458449363708
4	0.9193750023841858
5	0.9233958125114441
6	0.9294166564941406
7	0.9330416917800903
8	0.9388958215713501
9	0.9427083134651184
