step	accuracy
0	0.8128541707992554
1	0.8801041841506958
2	0.8977291584014893
3	0.9088125228881836
4	0.916979193687439
5	0.9229999780654907
6	0.9313541650772095
7	0.9360833168029785
8	0.9423333406448364
9	0.9461458325386047
