step	accuracy
0	0.7462916374206543
1	0.8289791941642761
2	0.84395831823349
3	0.8525624871253967
4	0.8576041460037231
5	0.8652083277702332
6	0.8691666722297668
7	0.8700833320617676
8	0.8749374747276306
9	0.8764791488647461
