step	accuracy
0	0.7543958425521851
1	0.8291458487510681
2	0.8431666493415833
3	0.8530625104904175
4	0.859666645526886
5	0.8607083559036255
6	0.8642083406448364
7	0.8693125247955322
8	0.871833324432373
9	0.875333309173584
