step	accuracy
0	0.8150625228881836
1	0.8816875219345093
2	0.8989166617393494
3	0.9090833067893982
4	0.917312502861023
5	0.9227291941642761
6	0.9305416941642761
7	0.9367083311080933
8	0.9403958320617676
9	0.9458541870117188
