step	accuracy
0	0.8208125233650208
1	0.883104145526886
2	0.8998749852180481
3	0.9113541841506958
4	0.9197708368301392
5	0.9276458621025085
6	0.9324583411216736
7	0.9382708072662354
8	0.9436041712760925
9	0.949958324432373
