step	accuracy
0	0.7904375195503235
1	0.8772083520889282
2	0.898062527179718
3	0.9081458449363708
4	0.9166250228881836
5	0.9243333339691162
6	0.9292083382606506
7	0.932645857334137
8	0.9382500052452087
9	0.9421250224113464
