step	loss
0	0.7097566723823547
1	0.48489734530448914
2	0.4371144473552704
3	0.4116707444190979
4	0.3951851725578308
5	0.3740723133087158
6	0.36477503180503845
7	0.359641432762146
8	0.3472113013267517
9	0.3392455279827118
