step	loss
0	0.5148442387580872
1	0.3351007401943207
2	0.28147417306900024
3	0.25106045603752136
4	0.2272709757089615
5	0.2069878876209259
6	0.18702903389930725
7	0.1715354472398758
8	0.15650086104869843
9	0.14298397302627563
