step	loss
0	0.5113662481307983
1	0.33097463846206665
2	0.2805950939655304
3	0.25135329365730286
4	0.2276802808046341
5	0.20768381655216217
6	0.18900293111801147
7	0.17137880623340607
8	0.15876354277133942
9	0.14431385695934296
