step	loss
0	0.599484920501709
1	0.354133665561676
2	0.2949082553386688
3	0.26416897773742676
4	0.23982515931129456
5	0.2187224179506302
6	0.20084260404109955
7	0.18778511881828308
8	0.17573903501033783
9	0.16041193902492523
