step	loss
0	0.5011374354362488
1	0.322610467672348
2	0.27638131380081177
3	0.24409258365631104
4	0.22119396924972534
5	0.19762563705444336
6	0.18116721510887146
7	0.16448329389095306
8	0.15079441666603088
9	0.13471509516239166
