step	loss
0	0.6399438977241516
1	0.3605533540248871
2	0.294655442237854
3	0.2661527097225189
4	0.23592384159564972
5	0.21947480738162994
6	0.20135445892810822
7	0.18981237709522247
8	0.17111393809318542
9	0.16172809898853302
