step	loss
0	0.6912639737129211
1	0.48137593269348145
2	0.4369690716266632
3	0.4129643142223358
4	0.3956981599330902
5	0.3829806447029114
6	0.3720402121543884
7	0.3621000647544861
8	0.3517917990684509
9	0.34218400716781616
