{
  "T-shirt/top": {
    "precision": 0.83088954056696,
    "recall": 0.85,
    "f1-score": 0.8403361344537815,
    "support": 1000.0
  },
  "Trouser": {
    "precision": 0.9696376101860921,
    "recall": 0.99,
    "f1-score": 0.9797130133597229,
    "support": 1000.0
  },
  "Pullover": {
    "precision": 0.9302030456852792,
    "recall": 0.733,
    "f1-score": 0.819910514541387,
    "support": 1000.0
  },
  "Dress": {
    "precision": 0.9450056116722784,
    "recall": 0.842,
    "f1-score": 0.8905341089370703,
    "support": 1000.0
  },
  "Coat": {
    "precision": 0.7598656591099916,
    "recall": 0.905,
    "f1-score": 0.8261068005476951,
    "support": 1000.0
  },
  "Sandal": {
    "precision": 0.9742574257425742,
    "recall": 0.984,
    "f1-score": 0.9791044776119403,
    "support": 1000.0
  },
  "Shirt": {
    "precision": 0.6942446043165468,
    "recall": 0.772,
    "f1-score": 0.7310606060606061,
    "support": 1000.0
  },
  "Sneaker": {
    "precision": 0.9477250726040658,
    "recall": 0.979,
    "f1-score": 0.9631087063453025,
    "support": 1000.0
  },
  "Bag": {
    "precision": 0.9948293691830403,
    "recall": 0.962,
    "f1-score": 0.9781392984239959,
    "support": 1000.0
  },
  "Ankle boot": {
    "precision": 0.9823651452282157,
    "recall": 0.947,
    "f1-score": 0.9643584521384929,
    "support": 1000.0
  },
  "accuracy": 0.8964,
  "macro avg": {
    "precision": 0.9029023084295043,
    "recall": 0.8963999999999999,
    "f1-score": 0.8972372112419995,
    "support": 10000.0
  },
  "weighted avg": {
    "precision": 0.9029023084295044,
    "recall": 0.8964,
    "f1-score": 0.8972372112419995,
    "support": 10000.0
  }
}