{
  "T-shirt/top": {
    "precision": 0.8457807953443259,
    "recall": 0.872,
    "f1-score": 0.8586903003446578,
    "support": 1000.0
  },
  "Trouser": {
    "precision": 0.9909729187562688,
    "recall": 0.988,
    "f1-score": 0.9894842263395093,
    "support": 1000.0
  },
  "Pullover": {
    "precision": 0.8658178256611165,
    "recall": 0.884,
    "f1-score": 0.8748144482929243,
    "support": 1000.0
  },
  "Dress": {
    "precision": 0.9108910891089109,
    "recall": 0.92,
    "f1-score": 0.9154228855721394,
    "support": 1000.0
  },
  "Coat": {
    "precision": 0.8733401430030644,
    "recall": 0.855,
    "f1-score": 0.8640727640222334,
    "support": 1000.0
  },
  "Sandal": {
    "precision": 0.9909456740442656,
    "recall": 0.985,
    "f1-score": 0.9879638916750251,
    "support": 1000.0
  },
  "Shirt": {
    "precision": 0.7757894736842105,
    "recall": 0.737,
    "f1-score": 0.7558974358974359,
    "support": 1000.0
  },
  "Sneaker": {
    "precision": 0.9630738522954092,
    "recall": 0.965,
    "f1-score": 0.964035964035964,
    "support": 1000.0
  },
  "Bag": {
    "precision": 0.9781529294935452,
    "recall": 0.985,
    "f1-score": 0.9815645241654211,
    "support": 1000.0
  },
  "Ankle boot": {
    "precision": 0.9633300297324083,
    "recall": 0.972,
    "f1-score": 0.9676455948232952,
    "support": 1000.0
  },
  "accuracy": 0.9163,
  "macro avg": {
    "precision": 0.9158094731123525,
    "recall": 0.9162999999999999,
    "f1-score": 0.9159592035168606,
    "support": 10000.0
  },
  "weighted avg": {
    "precision": 0.9158094731123525,
    "recall": 0.9163,
    "f1-score": 0.9159592035168606,
    "support": 10000.0
  }
}