{
  "T-shirt/top": {
    "precision": 0.9394812680115274,
    "recall": 0.652,
    "f1-score": 0.7697756788665879,
    "support": 1000.0
  },
  "Trouser": {
    "precision": 0.9979338842975206,
    "recall": 0.966,
    "f1-score": 0.9817073170731707,
    "support": 1000.0
  },
  "Pullover": {
    "precision": 0.9733727810650887,
    "recall": 0.329,
    "f1-score": 0.49177877428998507,
    "support": 1000.0
  },
  "Dress": {
    "precision": 0.8540344514959202,
    "recall": 0.942,
    "f1-score": 0.8958630527817404,
    "support": 1000.0
  },
  "Coat": {
    "precision": 0.7021791767554479,
    "recall": 0.87,
    "f1-score": 0.7771326485037964,
    "support": 1000.0
  },
  "Sandal": {
    "precision": 0.9333333333333333,
    "recall": 0.994,
    "f1-score": 0.9627118644067797,
    "support": 1000.0
  },
  "Shirt": {
    "precision": 0.5180940892641737,
    "recall": 0.859,
    "f1-score": 0.6463506395786306,
    "support": 1000.0
  },
  "Sneaker": {
    "precision": 0.9834254143646409,
    "recall": 0.89,
    "f1-score": 0.9343832020997376,
    "support": 1000.0
  },
  "Bag": {
    "precision": 0.9888438133874239,
    "recall": 0.975,
    "f1-score": 0.9818731117824774,
    "support": 1000.0
  },
  "Ankle boot": {
    "precision": 0.9329501915708812,
    "recall": 0.974,
    "f1-score": 0.9530332681017613,
    "support": 1000.0
  },
  "accuracy": 0.8451,
  "macro avg": {
    "precision": 0.882364840354596,
    "recall": 0.8450999999999999,
    "f1-score": 0.8394609557484667,
    "support": 10000.0
  },
  "weighted avg": {
    "precision": 0.8823648403545958,
    "recall": 0.8451,
    "f1-score": 0.8394609557484668,
    "support": 10000.0
  }
}