{
  "T-shirt/top": {
    "precision": 0.7709251101321586,
    "recall": 0.875,
    "f1-score": 0.819672131147541,
    "support": 1000.0
  },
  "Trouser": {
    "precision": 0.9779559118236473,
    "recall": 0.976,
    "f1-score": 0.9769769769769769,
    "support": 1000.0
  },
  "Pullover": {
    "precision": 0.7789783889980354,
    "recall": 0.793,
    "f1-score": 0.7859266600594648,
    "support": 1000.0
  },
  "Dress": {
    "precision": 0.8518518518518519,
    "recall": 0.897,
    "f1-score": 0.8738431563565514,
    "support": 1000.0
  },
  "Coat": {
    "precision": 0.7776659959758552,
    "recall": 0.773,
    "f1-score": 0.7753259779338014,
    "support": 1000.0
  },
  "Sandal": {
    "precision": 0.9638916750250752,
    "recall": 0.961,
    "f1-score": 0.9624436654982473,
    "support": 1000.0
  },
  "Shirt": {
    "precision": 0.7406417112299465,
    "recall": 0.554,
    "f1-score": 0.6338672768878718,
    "support": 1000.0
  },
  "Sneaker": {
    "precision": 0.9360236220472441,
    "recall": 0.951,
    "f1-score": 0.9434523809523809,
    "support": 1000.0
  },
  "Bag": {
    "precision": 0.9324452901998097,
    "recall": 0.98,
    "f1-score": 0.9556313993174061,
    "support": 1000.0
  },
  "Ankle boot": {
    "precision": 0.9595959595959596,
    "recall": 0.95,
    "f1-score": 0.9547738693467337,
    "support": 1000.0
  },
  "accuracy": 0.871,
  "macro avg": {
    "precision": 0.8689975516879583,
    "recall": 0.8709999999999999,
    "f1-score": 0.8681913494476976,
    "support": 10000.0
  },
  "weighted avg": {
    "precision": 0.8689975516879583,
    "recall": 0.871,
    "f1-score": 0.8681913494476976,
    "support": 10000.0
  }
}