{
  "T-shirt/top": {
    "precision": 0.8063610851262862,
    "recall": 0.862,
    "f1-score": 0.833252779120348,
    "support": 1000.0
  },
  "Trouser": {
    "precision": 0.9817813765182186,
    "recall": 0.97,
    "f1-score": 0.9758551307847082,
    "support": 1000.0
  },
  "Pullover": {
    "precision": 0.8033648790746583,
    "recall": 0.764,
    "f1-score": 0.7831881086622245,
    "support": 1000.0
  },
  "Dress": {
    "precision": 0.8518867924528302,
    "recall": 0.903,
    "f1-score": 0.8766990291262136,
    "support": 1000.0
  },
  "Coat": {
    "precision": 0.7771144278606965,
    "recall": 0.781,
    "f1-score": 0.7790523690773067,
    "support": 1000.0
  },
  "Sandal": {
    "precision": 0.9736575481256332,
    "recall": 0.961,
    "f1-score": 0.9672873678912934,
    "support": 1000.0
  },
  "Shirt": {
    "precision": 0.6921373200442967,
    "recall": 0.625,
    "f1-score": 0.6568575932737782,
    "support": 1000.0
  },
  "Sneaker": {
    "precision": 0.9296046287367405,
    "recall": 0.964,
    "f1-score": 0.9464899361806578,
    "support": 1000.0
  },
  "Bag": {
    "precision": 0.9588235294117647,
    "recall": 0.978,
    "f1-score": 0.9683168316831683,
    "support": 1000.0
  },
  "Ankle boot": {
    "precision": 0.9673469387755103,
    "recall": 0.948,
    "f1-score": 0.9575757575757575,
    "support": 1000.0
  },
  "accuracy": 0.8756,
  "macro avg": {
    "precision": 0.8742078526126635,
    "recall": 0.8756,
    "f1-score": 0.8744574903375456,
    "support": 10000.0
  },
  "weighted avg": {
    "precision": 0.8742078526126634,
    "recall": 0.8756,
    "f1-score": 0.8744574903375455,
    "support": 10000.0
  }
}