{
  "T-shirt/top": {
    "precision": 0.8231357552581262,
    "recall": 0.861,
    "f1-score": 0.841642228739003,
    "support": 1000.0
  },
  "Trouser": {
    "precision": 0.9898373983739838,
    "recall": 0.974,
    "f1-score": 0.9818548387096774,
    "support": 1000.0
  },
  "Pullover": {
    "precision": 0.8442703232125367,
    "recall": 0.862,
    "f1-score": 0.8530430479960416,
    "support": 1000.0
  },
  "Dress": {
    "precision": 0.8748796920115496,
    "recall": 0.909,
    "f1-score": 0.8916135360470819,
    "support": 1000.0
  },
  "Coat": {
    "precision": 0.9174311926605505,
    "recall": 0.7,
    "f1-score": 0.7941009642654566,
    "support": 1000.0
  },
  "Sandal": {
    "precision": 0.9916054564533053,
    "recall": 0.945,
    "f1-score": 0.967741935483871,
    "support": 1000.0
  },
  "Shirt": {
    "precision": 0.6624257845631891,
    "recall": 0.781,
    "f1-score": 0.7168425883432767,
    "support": 1000.0
  },
  "Sneaker": {
    "precision": 0.9663512092534174,
    "recall": 0.919,
    "f1-score": 0.9420809841107125,
    "support": 1000.0
  },
  "Bag": {
    "precision": 0.9968553459119497,
    "recall": 0.951,
    "f1-score": 0.9733879222108496,
    "support": 1000.0
  },
  "Ankle boot": {
    "precision": 0.890990990990991,
    "recall": 0.989,
    "f1-score": 0.9374407582938389,
    "support": 1000.0
  },
  "accuracy": 0.8891,
  "macro avg": {
    "precision": 0.89577831486896,
    "recall": 0.8891,
    "f1-score": 0.889974880419981,
    "support": 10000.0
  },
  "weighted avg": {
    "precision": 0.89577831486896,
    "recall": 0.8891,
    "f1-score": 0.889974880419981,
    "support": 10000.0
  }
}