{
  "T-shirt/top": {
    "precision": 0.8314814814814815,
    "recall": 0.898,
    "f1-score": 0.8634615384615385,
    "support": 1000.0
  },
  "Trouser": {
    "precision": 0.9889779559118237,
    "recall": 0.987,
    "f1-score": 0.987987987987988,
    "support": 1000.0
  },
  "Pullover": {
    "precision": 0.8461538461538461,
    "recall": 0.88,
    "f1-score": 0.8627450980392157,
    "support": 1000.0
  },
  "Dress": {
    "precision": 0.9224489795918367,
    "recall": 0.904,
    "f1-score": 0.9131313131313131,
    "support": 1000.0
  },
  "Coat": {
    "precision": 0.8926174496644296,
    "recall": 0.798,
    "f1-score": 0.8426610348468849,
    "support": 1000.0
  },
  "Sandal": {
    "precision": 0.9811133200795229,
    "recall": 0.987,
    "f1-score": 0.9840478564307079,
    "support": 1000.0
  },
  "Shirt": {
    "precision": 0.7549800796812749,
    "recall": 0.758,
    "f1-score": 0.7564870259481038,
    "support": 1000.0
  },
  "Sneaker": {
    "precision": 0.9638916750250752,
    "recall": 0.961,
    "f1-score": 0.9624436654982473,
    "support": 1000.0
  },
  "Bag": {
    "precision": 0.9849397590361446,
    "recall": 0.981,
    "f1-score": 0.9829659318637275,
    "support": 1000.0
  },
  "Ankle boot": {
    "precision": 0.9671641791044776,
    "recall": 0.972,
    "f1-score": 0.9695760598503741,
    "support": 1000.0
  },
  "accuracy": 0.9126,
  "macro avg": {
    "precision": 0.9133768725729914,
    "recall": 0.9126,
    "f1-score": 0.91255075120581,
    "support": 10000.0
  },
  "weighted avg": {
    "precision": 0.9133768725729913,
    "recall": 0.9126,
    "f1-score": 0.9125507512058102,
    "support": 10000.0
  }
}