{
  "T-shirt/top": {
    "precision": 0.7793721973094171,
    "recall": 0.869,
    "f1-score": 0.8217494089834515,
    "support": 1000.0
  },
  "Trouser": {
    "precision": 0.9748743718592965,
    "recall": 0.97,
    "f1-score": 0.9724310776942355,
    "support": 1000.0
  },
  "Pullover": {
    "precision": 0.775390625,
    "recall": 0.794,
    "f1-score": 0.7845849802371542,
    "support": 1000.0
  },
  "Dress": {
    "precision": 0.9021052631578947,
    "recall": 0.857,
    "f1-score": 0.8789743589743589,
    "support": 1000.0
  },
  "Coat": {
    "precision": 0.7776699029126214,
    "recall": 0.801,
    "f1-score": 0.7891625615763547,
    "support": 1000.0
  },
  "Sandal": {
    "precision": 0.9649298597194389,
    "recall": 0.963,
    "f1-score": 0.963963963963964,
    "support": 1000.0
  },
  "Shirt": {
    "precision": 0.708139534883721,
    "recall": 0.609,
    "f1-score": 0.6548387096774193,
    "support": 1000.0
  },
  "Sneaker": {
    "precision": 0.9514963880288958,
    "recall": 0.922,
    "f1-score": 0.9365159979685119,
    "support": 1000.0
  },
  "Bag": {
    "precision": 0.9569471624266145,
    "recall": 0.978,
    "f1-score": 0.9673590504451038,
    "support": 1000.0
  },
  "Ankle boot": {
    "precision": 0.9334619093539055,
    "recall": 0.968,
    "f1-score": 0.9504172803141875,
    "support": 1000.0
  },
  "accuracy": 0.8731,
  "macro avg": {
    "precision": 0.8724387214651805,
    "recall": 0.8731,
    "f1-score": 0.8719997389834742,
    "support": 10000.0
  },
  "weighted avg": {
    "precision": 0.8724387214651804,
    "recall": 0.8731,
    "f1-score": 0.8719997389834742,
    "support": 10000.0
  }
}