{
  "T-shirt/top": {
    "precision": 0.7983193277310925,
    "recall": 0.855,
    "f1-score": 0.8256880733944955,
    "support": 1000.0
  },
  "Trouser": {
    "precision": 0.99079754601227,
    "recall": 0.969,
    "f1-score": 0.9797775530839231,
    "support": 1000.0
  },
  "Pullover": {
    "precision": 0.7738791423001949,
    "recall": 0.794,
    "f1-score": 0.7838104639684107,
    "support": 1000.0
  },
  "Dress": {
    "precision": 0.8633301251203079,
    "recall": 0.897,
    "f1-score": 0.8798430603236881,
    "support": 1000.0
  },
  "Coat": {
    "precision": 0.781947261663286,
    "recall": 0.771,
    "f1-score": 0.7764350453172205,
    "support": 1000.0
  },
  "Sandal": {
    "precision": 0.9734422880490297,
    "recall": 0.953,
    "f1-score": 0.9631126831733199,
    "support": 1000.0
  },
  "Shirt": {
    "precision": 0.7014755959137344,
    "recall": 0.618,
    "f1-score": 0.6570972886762361,
    "support": 1000.0
  },
  "Sneaker": {
    "precision": 0.9241114313160422,
    "recall": 0.962,
    "f1-score": 0.9426751592356688,
    "support": 1000.0
  },
  "Bag": {
    "precision": 0.9635467980295567,
    "recall": 0.978,
    "f1-score": 0.9707196029776675,
    "support": 1000.0
  },
  "Ankle boot": {
    "precision": 0.967479674796748,
    "recall": 0.952,
    "f1-score": 0.9596774193548387,
    "support": 1000.0
  },
  "accuracy": 0.8749,
  "macro avg": {
    "precision": 0.8738329190932262,
    "recall": 0.8748999999999999,
    "f1-score": 0.8738836349505469,
    "support": 10000.0
  },
  "weighted avg": {
    "precision": 0.8738329190932261,
    "recall": 0.8749,
    "f1-score": 0.8738836349505469,
    "support": 10000.0
  }
}