{
  "T-shirt/top": {
    "precision": 0.8069868995633188,
    "recall": 0.924,
    "f1-score": 0.8615384615384616,
    "support": 1000.0
  },
  "Trouser": {
    "precision": 0.9860557768924303,
    "recall": 0.99,
    "f1-score": 0.9880239520958084,
    "support": 1000.0
  },
  "Pullover": {
    "precision": 0.7942708333333334,
    "recall": 0.915,
    "f1-score": 0.8503717472118959,
    "support": 1000.0
  },
  "Dress": {
    "precision": 0.9165009940357853,
    "recall": 0.922,
    "f1-score": 0.9192422731804586,
    "support": 1000.0
  },
  "Coat": {
    "precision": 0.8930957683741648,
    "recall": 0.802,
    "f1-score": 0.845100105374078,
    "support": 1000.0
  },
  "Sandal": {
    "precision": 0.98998998998999,
    "recall": 0.989,
    "f1-score": 0.9894947473736868,
    "support": 1000.0
  },
  "Shirt": {
    "precision": 0.8397435897435898,
    "recall": 0.655,
    "f1-score": 0.7359550561797753,
    "support": 1000.0
  },
  "Sneaker": {
    "precision": 0.9634387351778656,
    "recall": 0.975,
    "f1-score": 0.9691848906560636,
    "support": 1000.0
  },
  "Bag": {
    "precision": 0.9743589743589743,
    "recall": 0.988,
    "f1-score": 0.9811320754716981,
    "support": 1000.0
  },
  "Ankle boot": {
    "precision": 0.9777777777777777,
    "recall": 0.968,
    "f1-score": 0.9728643216080402,
    "support": 1000.0
  },
  "accuracy": 0.9128,
  "macro avg": {
    "precision": 0.9142219339247231,
    "recall": 0.9128000000000001,
    "f1-score": 0.9112907630689968,
    "support": 10000.0
  },
  "weighted avg": {
    "precision": 0.9142219339247231,
    "recall": 0.9128,
    "f1-score": 0.9112907630689966,
    "support": 10000.0
  }
}