{
  "T-shirt/top": {
    "precision": 0.8493003229278795,
    "recall": 0.789,
    "f1-score": 0.8180404354587869,
    "support": 1000.0
  },
  "Trouser": {
    "precision": 0.9928131416837782,
    "recall": 0.967,
    "f1-score": 0.9797365754812564,
    "support": 1000.0
  },
  "Pullover": {
    "precision": 0.8180883864337102,
    "recall": 0.796,
    "f1-score": 0.8068930562595032,
    "support": 1000.0
  },
  "Dress": {
    "precision": 0.829443447037702,
    "recall": 0.924,
    "f1-score": 0.8741721854304636,
    "support": 1000.0
  },
  "Coat": {
    "precision": 0.8062360801781737,
    "recall": 0.724,
    "f1-score": 0.7629083245521602,
    "support": 1000.0
  },
  "Sandal": {
    "precision": 0.975,
    "recall": 0.975,
    "f1-score": 0.975,
    "support": 1000.0
  },
  "Shirt": {
    "precision": 0.6263537906137184,
    "recall": 0.694,
    "f1-score": 0.6584440227703985,
    "support": 1000.0
  },
  "Sneaker": {
    "precision": 0.9616204690831557,
    "recall": 0.902,
    "f1-score": 0.9308565531475749,
    "support": 1000.0
  },
  "Bag": {
    "precision": 0.9700598802395209,
    "recall": 0.972,
    "f1-score": 0.971028971028971,
    "support": 1000.0
  },
  "Ankle boot": {
    "precision": 0.9201127819548872,
    "recall": 0.979,
    "f1-score": 0.9486434108527132,
    "support": 1000.0
  },
  "accuracy": 0.8722,
  "macro avg": {
    "precision": 0.8749028300152526,
    "recall": 0.8722,
    "f1-score": 0.8725723534981829,
    "support": 10000.0
  },
  "weighted avg": {
    "precision": 0.8749028300152526,
    "recall": 0.8722,
    "f1-score": 0.8725723534981827,
    "support": 10000.0
  }
}