{
  "T-shirt/top": {
    "precision": 0.8364312267657993,
    "recall": 0.9,
    "f1-score": 0.8670520231213873,
    "support": 1000.0
  },
  "Trouser": {
    "precision": 0.992936427850656,
    "recall": 0.984,
    "f1-score": 0.9884480160723255,
    "support": 1000.0
  },
  "Pullover": {
    "precision": 0.8398876404494382,
    "recall": 0.897,
    "f1-score": 0.867504835589942,
    "support": 1000.0
  },
  "Dress": {
    "precision": 0.9070450097847358,
    "recall": 0.927,
    "f1-score": 0.9169139465875371,
    "support": 1000.0
  },
  "Coat": {
    "precision": 0.8865546218487395,
    "recall": 0.844,
    "f1-score": 0.8647540983606558,
    "support": 1000.0
  },
  "Sandal": {
    "precision": 0.9938271604938271,
    "recall": 0.966,
    "f1-score": 0.9797160243407708,
    "support": 1000.0
  },
  "Shirt": {
    "precision": 0.8002257336343115,
    "recall": 0.709,
    "f1-score": 0.7518557794273595,
    "support": 1000.0
  },
  "Sneaker": {
    "precision": 0.9454191033138402,
    "recall": 0.97,
    "f1-score": 0.9575518262586377,
    "support": 1000.0
  },
  "Bag": {
    "precision": 0.9781094527363184,
    "recall": 0.983,
    "f1-score": 0.9805486284289276,
    "support": 1000.0
  },
  "Ankle boot": {
    "precision": 0.9680638722554891,
    "recall": 0.97,
    "f1-score": 0.9690309690309691,
    "support": 1000.0
  },
  "accuracy": 0.915,
  "macro avg": {
    "precision": 0.9148500249133154,
    "recall": 0.915,
    "f1-score": 0.9143376147218513,
    "support": 10000.0
  },
  "weighted avg": {
    "precision": 0.9148500249133155,
    "recall": 0.915,
    "f1-score": 0.9143376147218513,
    "support": 10000.0
  }
}