{
  "T-shirt/top": {
    "precision": 0.8418079096045198,
    "recall": 0.894,
    "f1-score": 0.8671193016488846,
    "support": 1000.0
  },
  "Trouser": {
    "precision": 0.9909456740442656,
    "recall": 0.985,
    "f1-score": 0.9879638916750251,
    "support": 1000.0
  },
  "Pullover": {
    "precision": 0.7912371134020618,
    "recall": 0.921,
    "f1-score": 0.8512014787430684,
    "support": 1000.0
  },
  "Dress": {
    "precision": 0.9005847953216374,
    "recall": 0.924,
    "f1-score": 0.912142152023692,
    "support": 1000.0
  },
  "Coat": {
    "precision": 0.9095182138660399,
    "recall": 0.774,
    "f1-score": 0.8363047001620746,
    "support": 1000.0
  },
  "Sandal": {
    "precision": 0.9819639278557114,
    "recall": 0.98,
    "f1-score": 0.980980980980981,
    "support": 1000.0
  },
  "Shirt": {
    "precision": 0.7918502202643172,
    "recall": 0.719,
    "f1-score": 0.7536687631027253,
    "support": 1000.0
  },
  "Sneaker": {
    "precision": 0.9557086614173228,
    "recall": 0.971,
    "f1-score": 0.9632936507936508,
    "support": 1000.0
  },
  "Bag": {
    "precision": 0.9918864097363083,
    "recall": 0.978,
    "f1-score": 0.9848942598187311,
    "support": 1000.0
  },
  "Ankle boot": {
    "precision": 0.9728643216080402,
    "recall": 0.968,
    "f1-score": 0.9704260651629073,
    "support": 1000.0
  },
  "accuracy": 0.9114,
  "macro avg": {
    "precision": 0.9128367247120224,
    "recall": 0.9114000000000001,
    "f1-score": 0.9107995244111742,
    "support": 10000.0
  },
  "weighted avg": {
    "precision": 0.9128367247120225,
    "recall": 0.9114,
    "f1-score": 0.9107995244111741,
    "support": 10000.0
  }
}