{
  "T-shirt/top": {
    "precision": 0.7977839335180056,
    "recall": 0.864,
    "f1-score": 0.8295727316370619,
    "support": 1000.0
  },
  "Trouser": {
    "precision": 0.9897225077081192,
    "recall": 0.963,
    "f1-score": 0.9761784085149519,
    "support": 1000.0
  },
  "Pullover": {
    "precision": 0.7805864509605662,
    "recall": 0.772,
    "f1-score": 0.7762694821518351,
    "support": 1000.0
  },
  "Dress": {
    "precision": 0.8802816901408451,
    "recall": 0.875,
    "f1-score": 0.8776328986960883,
    "support": 1000.0
  },
  "Coat": {
    "precision": 0.7897489539748954,
    "recall": 0.755,
    "f1-score": 0.7719836400817995,
    "support": 1000.0
  },
  "Sandal": {
    "precision": 0.976530612244898,
    "recall": 0.957,
    "f1-score": 0.9666666666666667,
    "support": 1000.0
  },
  "Shirt": {
    "precision": 0.6774847870182555,
    "recall": 0.668,
    "f1-score": 0.6727089627391742,
    "support": 1000.0
  },
  "Sneaker": {
    "precision": 0.9455095862764884,
    "recall": 0.937,
    "f1-score": 0.9412355600200905,
    "support": 1000.0
  },
  "Bag": {
    "precision": 0.9596456692913385,
    "recall": 0.975,
    "f1-score": 0.9672619047619048,
    "support": 1000.0
  },
  "Ankle boot": {
    "precision": 0.936046511627907,
    "recall": 0.966,
    "f1-score": 0.9507874015748031,
    "support": 1000.0
  },
  "accuracy": 0.8732,
  "macro avg": {
    "precision": 0.873334070276132,
    "recall": 0.8732,
    "f1-score": 0.8730297656844377,
    "support": 10000.0
  },
  "weighted avg": {
    "precision": 0.873334070276132,
    "recall": 0.8732,
    "f1-score": 0.8730297656844376,
    "support": 10000.0
  }
}